<?xml version="1.0" encoding="utf-8" ?>
<dwsync>
<file name="deep.css" server="ftp.populerdunya.com/bookcard/" local="130064867960000000" remote="130712146800000000" Dst="1" />
<file name="fancy.css" server="ftp.populerdunya.com/bookcard/" local="130064828090000000" remote="130712146800000000" Dst="1" />
<file name="fire.css" server="ftp.populerdunya.com/bookcard/" local="130064865430000000" remote="130712146800000000" Dst="1" />
<file name="future.css" server="ftp.populerdunya.com/bookcard/" local="130064793450000000" remote="130712146800000000" Dst="1" />
<file name="modern.css" server="ftp.populerdunya.com/bookcard/" local="130064847200000000" remote="130712146800000000" Dst="1" />
<file name="neon.css" server="ftp.populerdunya.com/bookcard/" local="130064863410000000" remote="130712146800000000" Dst="1" />
<file name="retro.css" server="ftp.populerdunya.com/bookcard/" local="130064799920000000" remote="130712146800000000" Dst="1" />
<file name="standart.css" server="ftp.populerdunya.com/bookcard/" local="130064867690000000" remote="130712146800000000" Dst="1" />
</dwsync>