<?xml version="1.0" encoding="utf-8" ?>
<dwsync>
<file name="bricks-2.css" server="ftp.populerdunya.com/bookcard/" local="130073418790000000" remote="130712146200000000" Dst="1" />
<file name="bricks-3.css" server="ftp.populerdunya.com/bookcard/" local="130073420560000000" remote="130712146200000000" Dst="1" />
<file name="bricks-4.css" server="ftp.populerdunya.com/bookcard/" local="130073426640000000" remote="130712146200000000" Dst="1" />
<file name="bricks-light.css" server="ftp.populerdunya.com/bookcard/" local="130073412860000000" remote="130712146200000000" Dst="1" />
<file name="bricks.css" server="ftp.populerdunya.com/bookcard/" local="130073411960000000" remote="130712146200000000" Dst="1" />
<file name="carbon.css" server="ftp.populerdunya.com/bookcard/" local="130073382980000000" remote="130712146200000000" Dst="1" />
<file name="clouds-2.css" server="ftp.populerdunya.com/bookcard/" local="130073459650000000" remote="130712146200000000" Dst="1" />
<file name="clouds.css" server="ftp.populerdunya.com/bookcard/" local="130073458710000000" remote="130712146800000000" Dst="1" />
<file name="concrete-2.css" server="ftp.populerdunya.com/bookcard/" local="130073441710000000" remote="130712146800000000" Dst="1" />
<file name="concrete.css" server="ftp.populerdunya.com/bookcard/" local="130073424950000000" remote="130712146800000000" Dst="1" />
<file name="ground.css" server="ftp.populerdunya.com/bookcard/" local="130073461370000000" remote="130712146800000000" Dst="1" />
<file name="grunge-wall-dark.css" server="ftp.populerdunya.com/bookcard/" local="130073440040000000" remote="130712146800000000" Dst="1" />
<file name="grunge-wall.css" server="ftp.populerdunya.com/bookcard/" local="130073185460000000" remote="130712146800000000" Dst="1" />
<file name="leather.css" server="ftp.populerdunya.com/bookcard/" local="130073384550000000" remote="130712146800000000" Dst="1" />
<file name="linen.css" server="ftp.populerdunya.com/bookcard/" local="130073376720000000" remote="130712146800000000" Dst="1" />
<file name="metal-holes.css" server="ftp.populerdunya.com/bookcard/" local="130073430260000000" remote="130712146800000000" Dst="1" />
<file name="mosaic.css" server="ftp.populerdunya.com/bookcard/" local="130073439970000000" remote="130712146800000000" Dst="1" />
<file name="noisy-net.css" server="ftp.populerdunya.com/bookcard/" local="130073371910000000" remote="130712146800000000" Dst="1" />
<file name="shattered.css" server="ftp.populerdunya.com/bookcard/" local="130073369660000000" remote="130712146800000000" Dst="1" />
<file name="stone-blocks.css" server="ftp.populerdunya.com/bookcard/" local="130073412870000000" remote="130712146800000000" Dst="1" />
<file name="stone.css" server="ftp.populerdunya.com/bookcard/" local="130073326580000000" remote="130712146800000000" Dst="1" />
<file name="tiles.css" server="ftp.populerdunya.com/bookcard/" local="130073428170000000" remote="130712146800000000" Dst="1" />
<file name="watercolor.css" server="ftp.populerdunya.com/bookcard/" local="130073459070000000" remote="130712146800000000" Dst="1" />
<file name="wood-2.css" server="ftp.populerdunya.com/bookcard/" local="130073381030000000" remote="130712146800000000" Dst="1" />
<file name="wood-3.css" server="ftp.populerdunya.com/bookcard/" local="130073381220000000" remote="130712146800000000" Dst="1" />
<file name="wood-4.css" server="ftp.populerdunya.com/bookcard/" local="130073408330000000" remote="130712146800000000" Dst="1" />
<file name="wood.css" server="ftp.populerdunya.com/bookcard/" local="130073323500000000" remote="130712146800000000" Dst="1" />
<file name="woven.css" server="ftp.populerdunya.com/bookcard/" local="130073435680000000" remote="130712146800000000" Dst="1" />
</dwsync>