<?xml version="1.0" encoding="utf-8" ?>
<dwsync>
<file name="justvector-webfont.eot" server="ftp.populerdunya.com/themes/impressivcard/" local="129463834680000000" remote="129924645000000000" Dst="2" />
<file name="justvector-webfont.svg" server="ftp.populerdunya.com/themes/impressivcard/" local="129463834680000000" remote="129924645000000000" Dst="2" />
<file name="justvector-webfont.ttf" server="ftp.populerdunya.com/themes/impressivcard/" local="129463834680000000" remote="129924645000000000" Dst="2" />
<file name="justvector-webfont.woff" server="ftp.populerdunya.com/themes/impressivcard/" local="129463834680000000" remote="129924645000000000" Dst="2" />
<file name="justvector-webfont.eot" server="ftp.populerdunya.com/bookcard/" local="129463834680000000" remote="130712146200000000" Dst="1" />
<file name="justvector-webfont.svg" server="ftp.populerdunya.com/bookcard/" local="129463834680000000" remote="130712146200000000" Dst="1" />
<file name="justvector-webfont.ttf" server="ftp.populerdunya.com/bookcard/" local="129463834680000000" remote="130712146200000000" Dst="1" />
<file name="justvector-webfont.woff" server="ftp.populerdunya.com/bookcard/" local="129463834680000000" remote="130712146200000000" Dst="1" />
</dwsync>