<?xml version="1.0" encoding="utf-8" ?>
<dwsync>
<file name="jquery.fancybox-1.3.4.pack.js" server="ftp.populerdunya.com/bookcard/" local="129339816580000000" remote="130712149800000000" Dst="1" />
<file name="jquery.fitvids.js" server="ftp.populerdunya.com/bookcard/" local="129929732620000000" remote="130712149800000000" Dst="1" />
<file name="jquery.isotope.min.js" server="ftp.populerdunya.com/bookcard/" local="131063316997859902" remote="131063061000000000" Dst="2" />
<file name="jquery.validate.min.js" server="ftp.populerdunya.com/bookcard/" local="130051002320000000" remote="130712149800000000" Dst="1" />
<file name="main.js" server="ftp.populerdunya.com/bookcard/" local="130564611790000000" remote="131055193800000000" Dst="2" />
<file name="send-mail.js" server="ftp.populerdunya.com/bookcard/" local="130075151000000000" remote="130712150400000000" Dst="1" />
<file name="antiscroll.js" server="ftp.populerdunya.com/bookcard/" local="130024092980000000" remote="130712149800000000" Dst="1" />
<file name="jquery.fittext.js" server="ftp.populerdunya.com/bookcard/" local="130020984980000000" remote="130712149800000000" Dst="1" />
<file name="html5shiv.js" server="ftp.populerdunya.com/bookcard/" local="129910497080000000" remote="130712149800000000" Dst="1" />
<file name="selectivizr-min.js" server="ftp.populerdunya.com/bookcard/" local="129495213480000000" remote="130712150400000000" Dst="1" />
<file name="modernizr.js" server="ftp.populerdunya.com/bookcard/" local="130026540890000000" remote="130712149800000000" Dst="1" />
<file name="jquery.imagesloaded.min.js" server="ftp.populerdunya.com/bookcard/" local="129985388040000000" remote="130712149800000000" Dst="1" />
<file name="jquery.address-1.5.min.js" server="ftp.populerdunya.com/bookcard/" local="129977491100000000" remote="130712149800000000" Dst="1" />
<file name="jquery-1.8.3.min.js" server="ftp.populerdunya.com/bookcard/" local="130058848310000000" remote="130712149800000000" Dst="1" />
<file name="twitterFetcher_v10_min.js" server="ftp.populerdunya.com/bookcard/" local="131166266863269727" remote="131165985000000000" Dst="2" />
</dwsync>