<?xml version="1.0" encoding="utf-8" ?>
<dwsync>
<file name="normalize.css" server="ftp.populerdunya.com/themes/bookcard/" local="129886451380000000" remote="129932347800000000" Dst="2" />
<file name="animate.css" server="ftp.populerdunya.com/bookcard/" local="129945028830000000" remote="130712146800000000" Dst="1" />
<file name="bootstrap.min.css" server="ftp.populerdunya.com/bookcard/" local="130049295690000000" remote="130712146800000000" Dst="1" />
<file name="jquery.fancybox-1.3.4.css" server="ftp.populerdunya.com/bookcard/" local="130054157350000000" remote="130712146800000000" Dst="1" />
<file name="main.css" server="ftp.populerdunya.com/bookcard/" local="131063382777589953" remote="131063061000000000" Dst="2" />
<file name="normalize.css" server="ftp.populerdunya.com/bookcard/" local="130051006990000000" remote="130712146800000000" Dst="1" />
<file name="book.css" server="ftp.populerdunya.com/bookcard/" local="130557918153464801" remote="130557630600000000" Dst="2" />
<file name="font-awesome.css" server="ftp.populerdunya.com/bookcard/" local="130051085900000000" remote="130712146800000000" Dst="1" />
<file name="print.css" server="ftp.populerdunya.com/bookcard/" local="130043834340000000" remote="130712146800000000" Dst="1" />
<file name="custom.css" server="ftp.populerdunya.com/bookcard/" local="130052814510000000" remote="130712146800000000" Dst="1" />
</dwsync>