<?xml version="1.0" encoding="utf-8" ?>
<dwsync>
<file name="fontawesome-webfont.eot" server="ftp.populerdunya.com/read/" local="129843058220000000" remote="129975636600000000" Dst="1" />
<file name="fontawesome-webfont.svg" server="ftp.populerdunya.com/read/" local="129843058220000000" remote="129975636600000000" Dst="1" />
<file name="fontawesome-webfont.ttf" server="ftp.populerdunya.com/read/" local="129843058220000000" remote="129975636600000000" Dst="1" />
<file name="fontawesome-webfont.woff" server="ftp.populerdunya.com/read/" local="129843058220000000" remote="129975636600000000" Dst="1" />
<file name="fontawesome-webfont.eot" server="ftp.populerdunya.com/bookcard/" local="130028811500000000" remote="130712146200000000" Dst="1" />
<file name="fontawesome-webfont.svg" server="ftp.populerdunya.com/bookcard/" local="130028811500000000" remote="130712146200000000" Dst="1" />
<file name="fontawesome-webfont.ttf" server="ftp.populerdunya.com/bookcard/" local="130028811500000000" remote="130712146200000000" Dst="1" />
<file name="fontawesome-webfont.woff" server="ftp.populerdunya.com/bookcard/" local="130028811500000000" remote="130712146200000000" Dst="1" />
<file name="FontAwesome.otf" server="ftp.populerdunya.com/bookcard/" local="130028811500000000" remote="130712146200000000" Dst="1" />
</dwsync>