<?xml version="1.0" encoding="utf-8" ?>
<dwsync>
<file name="hand-made-paper.css" server="ftp.populerdunya.com/bookcard/" local="130064906180000000" remote="130712146800000000" Dst="1" />
<file name="light-paper-fibers.css" server="ftp.populerdunya.com/bookcard/" local="130064905690000000" remote="130712146800000000" Dst="1" />
<file name="lined-paper.css" server="ftp.populerdunya.com/bookcard/" local="130064905100000000" remote="130712146800000000" Dst="1" />
<file name="paper.css" server="ftp.populerdunya.com/bookcard/" local="130064904760000000" remote="130712146800000000" Dst="1" />
<file name="blizzard.css" server="ftp.populerdunya.com/bookcard/" local="130064923310000000" remote="130712146800000000" Dst="1" />
<file name="cream-dust.css" server="ftp.populerdunya.com/bookcard/" local="130064918690000000" remote="130712146800000000" Dst="1" />
<file name="grid.css" server="ftp.populerdunya.com/bookcard/" local="130064920700000000" remote="130712146800000000" Dst="1" />
<file name="groovepaper.css" server="ftp.populerdunya.com/bookcard/" local="130064925090000000" remote="130712146800000000" Dst="1" />
<file name="project-paper.css" server="ftp.populerdunya.com/bookcard/" local="130064915800000000" remote="130712146800000000" Dst="1" />
<file name="rice-paper.css" server="ftp.populerdunya.com/bookcard/" local="130064915720000000" remote="130712146800000000" Dst="1" />
</dwsync>